title,Questions Count
almond and apple cake,64
almost no fat banana bread,16
apple-pumpkin-spread,4
balsamic-and-mozzarella-chicken,30
banana-split-cake,40
best-ever-margarita,5
black-rice-pudding,11
brown sugar shortbread,28
busters-liver-dinner,18
butternut-squash-pastry-for-pies,8
chicken and vegetable pie,93
chicken-prawn-and-rice-soup,56
chicory-and-roquefort-salad,2
chocolate-chocolate-cake,173
chocolate-pancake-batter,31
cloud-bread,23
cranachan,33
creamy-chayote-squash-soup,24
curried bbq mussels,37
easy strawberry tart,11
easy-coconut-rice,5
feta-and-sundried-tomato-spinach-rolls,25
frugal-beef-stew,5
fusilli-and-meatballs,168
green-tofu-curry,60
halloumi-and-figs,5
jam-drop-biscuits,9
kid-s-cheese-and-veg-kebab,6
lamb-curry--serves-4-,7
lemon-zested-strawberry-shortcakes,86
lightly spiced tomato and red lentil soup,45
no-sugar-rock-cakes,23
old-fashioned-welsh-rarebit,4
one-pot irish stew,16
peppers-with-tuna-and-mushrooms,27
rouille,3
sardine spread,2
scone-pastry,5
shellabina-s-corned-beef-hash,9
simple-basic-cupcakes,36
slow cooker butter chicken,15
smoked-salmon-and-grapefruit-salad,22
spanish-rabbit-stew,52
spiced butternut squash soup,94
spiced-guava-cake,32
spiced-pumpkin-teabread,53
spicy-tomato-anchovy-pasta,36
strawberries-in-pimm-s,6
strawberry-tiramisu-trifle,36
tangy-gammon-in-cider,28
tomato and basil salad,2
tortellini-fritto-with-almond-butter,21
vegetable-terrine,75
very-vanilla-ry-cheesecake,64
warm-puy-lentil-and-tomato-salad,10
white bread,49
